id,raza,sexo,tamano,edad,nota,fecha_publicacion,img_url,img_url_full,local_img_path,estado,fecha_deteccion,fecha_desaparicion
132,Pitbull Terrier,Macho,Mediano,Viejo (10 años o más),":
						Ubicado en el CPA",17 agosto 2023,https://www.vitoria-gasteiz.org/docs/g06/102/132/132_clip.jpg,https://www.vitoria-gasteiz.org/docs/g06/102/132/132.jpg,fotos_perros/132.jpg,activo,2026-05-22,
1697,Pitbull Terrier,Macho,Grande,Adulto (2 - 10 años),":
						Ubicado en el CPA",28 mayo 2025,https://www.vitoria-gasteiz.org/docs/g06/1412/1697/1697_clip.JPG,https://www.vitoria-gasteiz.org/docs/g06/1412/1697/1697.JPG,fotos_perros/1697.jpg,activo,2026-05-22,
1960,Pitbull Terrier,Hembra,Mediano,Adulto (2 - 10 años),":
						Ubicado en el CPA",22 agosto 2023,https://www.vitoria-gasteiz.org/docs/g06/1645/1960/1960_clip.JPG,https://www.vitoria-gasteiz.org/docs/g06/1645/1960/1960.JPG,fotos_perros/1960.jpg,activo,2026-05-22,
2597,Pitbull Terrier,Macho,Mediano,Adulto (2 - 10 años),":
						Ubicado en el CPA",17 agosto 2023,https://www.vitoria-gasteiz.org/docs/g06/2157/2597/2597_clip.JPG,https://www.vitoria-gasteiz.org/docs/g06/2157/2597/2597.JPG,fotos_perros/2597.jpg,activo,2026-05-22,
3313,American Staffordshire Terrier,Macho,Mediano,Adulto (2 - 10 años),":
						Ubicado en el CPA.",4 mayo 2026,https://www.vitoria-gasteiz.org/docs/g06/2720/3313/3313_clip.JPG,https://www.vitoria-gasteiz.org/docs/g06/2720/3313/3313.JPG,fotos_perros/3313.jpg,activo,2026-05-22,
343,Pitbull Terrier,Hembra,Grande,Viejo (10 años o más),":
						Ubicado en el CPA.",4 mayo 2026,https://www.vitoria-gasteiz.org/docs/g06/280/343/343_clip.jpg,https://www.vitoria-gasteiz.org/docs/g06/280/343/343.jpg,fotos_perros/343.jpg,activo,2026-05-22,
3503,American Staffordshire Terrier,Macho,Mediano,Viejo (10 años o más),":
						Ubicado en el CPA",17 agosto 2023,https://www.vitoria-gasteiz.org/docs/g06/2866/3503/3503_clip.JPG,https://www.vitoria-gasteiz.org/docs/g06/2866/3503/3503.JPG,fotos_perros/3503.jpg,activo,2026-05-22,
6457,Mestizo,Macho,Grande,Adulto (2 - 10 años),":
						Ubicado en el CPA",20 marzo 2024,https://www.vitoria-gasteiz.org/docs/g06/5350/6457/6457_clip.JPG,https://www.vitoria-gasteiz.org/docs/g06/5350/6457/6457.JPG,fotos_perros/6457.jpg,activo,2026-05-22,
7080,Mestizo,Macho,Grande,Viejo (10 años o más),":
						Ubicado en el CPA",26 marzo 2025,https://www.vitoria-gasteiz.org/docs/g06/5858/7080/7080_clip.JPG,https://www.vitoria-gasteiz.org/docs/g06/5858/7080/7080.JPG,fotos_perros/7080.jpg,activo,2026-05-22,
7244,Pitbull Terrier,Hembra,Mediano,Adulto (2 - 10 años),":
						Ubicado en el CPA.",23 enero 2026,https://www.vitoria-gasteiz.org/docs/g06/5982/7244/7244_clip.JPG,https://www.vitoria-gasteiz.org/docs/g06/5982/7244/7244.JPG,fotos_perros/7244.jpg,activo,2026-05-22,
7313,Pastor alemán alsaciano,Macho,Grande,Viejo (10 años o más),":
						Ubicado en el CPA 

 Pendiente de regularización administrativa.",11 julio 2025,https://www.vitoria-gasteiz.org/docs/g06/6049/7313/7313_clip.JPG,https://www.vitoria-gasteiz.org/docs/g06/6049/7313/7313.JPG,fotos_perros/7313.jpg,activo,2026-05-22,
7431,Mestizo,Macho,Mediano,Adulto (2 - 10 años),":
						Ubicado en el CPA",13 agosto 2025,https://www.vitoria-gasteiz.org/docs/g06/6164/7431/7431_clip.JPG,https://www.vitoria-gasteiz.org/docs/g06/6164/7431/7431.JPG,fotos_perros/7431.jpg,desaparecido,2026-05-22,2026-05-28
7446,Pitbull Terrier,Hembra,Mediano,Adulto (2 - 10 años),":
						Ubicado en el CPA.",23 octubre 2025,https://www.vitoria-gasteiz.org/docs/g06/6179/7446/7446_clip.JPG,https://www.vitoria-gasteiz.org/docs/g06/6179/7446/7446.JPG,fotos_perros/7446.jpg,activo,2026-05-22,
7815,Pastor Vasco,Macho,Grande,Viejo (10 años o más),":
						Ubicado en el CPA.",23 octubre 2025,https://www.vitoria-gasteiz.org/docs/g06/6464/7815/7815_clip.JPG,https://www.vitoria-gasteiz.org/docs/g06/6464/7815/7815.JPG,fotos_perros/7815.jpg,activo,2026-05-22,
7862,Pitbull Terrier,Macho,Grande,Adulto (2 - 10 años),":
						Ubicado en el CPA.",13 mayo 2026,https://www.vitoria-gasteiz.org/docs/g06/6497/7862/7862_clip.jpg,https://www.vitoria-gasteiz.org/docs/g06/6497/7862/7862.jpg,fotos_perros/7862.jpg,activo,2026-05-22,
7868,Mastin Español,Macho,Grande,Viejo (10 años o más),":
						Ubicado en el CPA.",16 abril 2026,https://www.vitoria-gasteiz.org/docs/g06/6502/7868/7868_clip.jpg,https://www.vitoria-gasteiz.org/docs/g06/6502/7868/7868.jpg,fotos_perros/7868.jpg,activo,2026-05-22,
8004,Mestizo,Macho,Grande,Viejo (10 años o más),":
						Ubicado en el CPA.",27 marzo 2026,https://www.vitoria-gasteiz.org/docs/g06/6615/8004/8004_clip.JPG,https://www.vitoria-gasteiz.org/docs/g06/6615/8004/8004.JPG,fotos_perros/8004.jpg,activo,2026-05-22,
8066,Mestizo,Macho,Grande,Joven (7 meses - 2 años),":
						Ubicado en el CPA.",16 abril 2026,https://www.vitoria-gasteiz.org/docs/g06/6669/8066/8066_clip.jpg,https://www.vitoria-gasteiz.org/docs/g06/6669/8066/8066.jpg,fotos_perros/8066.jpg,activo,2026-05-22,
8084,Mestizo,Macho,Grande,Adulto (2 - 10 años),":
						Ubicado en el CPA.",26 mayo 2026,https://www.vitoria-gasteiz.org/docs/g06/6686/8084/8084_clip.jpg,https://www.vitoria-gasteiz.org/docs/g06/6686/8084/8084.jpg,fotos_perros/8084.jpg,activo,2026-05-26,
8102,Rottweiler,Macho,Grande,Adulto (2 - 10 años),":
						Ubicado en el CPA.",6 mayo 2026,https://www.vitoria-gasteiz.org/docs/g06/6704/8102/8102_clip.jpg,https://www.vitoria-gasteiz.org/docs/g06/6704/8102/8102.jpg,fotos_perros/8102.jpg,activo,2026-05-22,
8107,Syberian husky,Hembra,Mediano,Adulto (2 - 10 años),":
						Ubicado en el CPA.",6 mayo 2026,https://www.vitoria-gasteiz.org/docs/g06/6709/8107/8107_clip.JPG,https://www.vitoria-gasteiz.org/docs/g06/6709/8107/8107.JPG,fotos_perros/8107.jpg,desaparecido,2026-05-22,2026-05-27
8109,Mestizo,Macho,Mediano,Viejo (10 años o más),":
						Ubicado en el CPA.",16 abril 2026,https://www.vitoria-gasteiz.org/docs/g06/6710/8109/8109_clip.jpg,https://www.vitoria-gasteiz.org/docs/g06/6710/8109/8109.jpg,fotos_perros/8109.jpg,activo,2026-05-22,
8141,Sabueso Español,Hembra,Mediano,Joven (7 meses - 2 años),":
						Ubicado en el CPA.",Ayer 12:57,https://www.vitoria-gasteiz.org/docs/g06/6737/8141/8141_clip.JPG,https://www.vitoria-gasteiz.org/docs/g06/6737/8141/8141.JPG,fotos_perros/8141.jpg,desaparecido,2026-05-22,2026-05-27
8157,Mestizo,Macho,Pequeño,Adulto (2 - 10 años),":
						Pendiente de cumplir 15 días legales de retención. 

 Preadoptado - N [+]",15 mayo 2026,https://www.vitoria-gasteiz.org/docs/g06/6751/8157/8157_clip.jpg,https://www.vitoria-gasteiz.org/docs/g06/6751/8157/8157.jpg,fotos_perros/8157.jpg,desaparecido,2026-05-22,2026-05-26
8158,Mestizo,Macho,Pequeño,Adulto (2 - 10 años),":
						Pendiente de cumplir 15 días legales de retención. 

 Preadoptado - N [+]",15 mayo 2026,https://www.vitoria-gasteiz.org/docs/g06/6751/8158/8158_clip.jpg,https://www.vitoria-gasteiz.org/docs/g06/6751/8158/8158.jpg,fotos_perros/8158.jpg,desaparecido,2026-05-22,2026-05-26
8164,Mestizo,Macho,Pequeño,Adulto (2 - 10 años),":
						Pendiente de cumplir 15 días legales de retención. 

 Preadoptado - N [+]",21 mayo 2026,https://www.vitoria-gasteiz.org/docs/g06/6756/8164/8164_clip.jpg,https://www.vitoria-gasteiz.org/docs/g06/6756/8164/8164.jpg,fotos_perros/8164.jpg,desaparecido,2026-05-22,2026-05-27
8166,Mestizo,Macho,Mediano,Cachorro (0 - 7 meses),":
						Ubicado en el CPA. 

 Pendiente de cumplir 15 días legales de retención.",22 mayo 2026,https://www.vitoria-gasteiz.org/docs/g06/6757/8166/8166_clip.jpg,https://www.vitoria-gasteiz.org/docs/g06/6757/8166/8166.jpg,fotos_perros/8166.jpg,desaparecido,2026-05-22,2026-05-26
8167,Mestizo,Hembra,Mediano,Cachorro (0 - 7 meses),":
						Pendiente de cumplir 15 días legales de retención. 

 Preadoptado - N [+]",21 mayo 2026,https://www.vitoria-gasteiz.org/docs/g06/6757/8167/8167_clip.jpg,https://www.vitoria-gasteiz.org/docs/g06/6757/8167/8167.jpg,fotos_perros/8167.jpg,desaparecido,2026-05-22,2026-05-26
8168,Mestizo,Hembra,Mediano,Cachorro (0 - 7 meses),":
						Pendiente de cumplir 15 días legales de retención. 

 Preadoptado - N [+]",19 mayo 2026,https://www.vitoria-gasteiz.org/docs/g06/6757/8168/8168_clip.jpg,https://www.vitoria-gasteiz.org/docs/g06/6757/8168/8168.jpg,fotos_perros/8168.jpg,desaparecido,2026-05-22,2026-05-26
8169,Mestizo,Macho,Grande,Joven (7 meses - 2 años),":
						Ubicado en el CPA.",Ayer 12:43,https://www.vitoria-gasteiz.org/docs/g06/6758/8169/8169_clip.jpeg,https://www.vitoria-gasteiz.org/docs/g06/6758/8169/8169.jpeg,fotos_perros/8169.jpg,activo,2026-05-22,
8178,Setter Inglés,Macho,Mediano,Adulto (2 - 10 años),":
						Pendiente de cumplir 15 días legales de retención. 

 Preadoptado - N [+]",26 mayo 2026,https://www.vitoria-gasteiz.org/docs/g06/6768/8178/8178_clip.jpg,https://www.vitoria-gasteiz.org/docs/g06/6768/8178/8178.jpg,fotos_perros/8178.jpg,preadoptado,2026-05-22,
8182,Border Collie,Hembra,Mediano,Joven (7 meses - 2 años),":
						Ubicado en el CPA. 

 Pendiente de cumplir 15 días legales de retención.",22 mayo 2026,https://www.vitoria-gasteiz.org/docs/g06/6771/8182/8182_clip.jpeg,https://www.vitoria-gasteiz.org/docs/g06/6771/8182/8182.jpeg,fotos_perros/8182.jpg,activo,2026-05-22,
